{
    "New_ItemID": 3333333,
    "CloneTarget_ItemID": 2000140,
    "AssetBundle_Name": "benediction",
    "VisualPrefabName": "lightbrand visuals",
    "ItemIconName": "LightBrandIcon",
    "Name": "Bless",
    "Description": "The Commander said to make this sword fit for Elatt.\n\nInflicts Doomed on enemies.",
    "Durability": 1000,
    "BaseValue": 1000,
    "Weight": 3,
    "DamageBonuses": [
        0.0, 
        0.0,
        0.0,
        10.0,
        0.0,
        0.0,
        0.0,
        0.0,
        0.0
    ],
    "ManaUseModifier": 0.0,
    "AttackSpeed": 1.2,
    "Impact": 25.0,
    "BaseDamage": {
        "m_list": [
            {
                "Type": 0,
                "Damage": 36.0
            }
        ]
    },
    "hitEffects": [
        "Doom"
    ],
    "RecipeIngredientIDs": [
        2000150,
        4400031,
        6200010,
        6400070
    ]
}