{
    "New_ItemID": 6666666,
    "CloneTarget_ItemID": 2000151,
    "AssetBundle_Name": "blight",
    "VisualPrefabName": "darkbrand visuals",
    "ItemIconName": "DarkBrandIcon",
    "Name": "Blight",
    "Description": "The Commander said to make this sword fit for the Scourge.\n\nInflicts Curse on enemies.",
    "Durability": 1000,
    "BaseValue": 1000,
    "Weight": 3,
    "DamageBonuses": [
        0.0,
        0.0,
        0.0,
        0.0,
        0.0,
        0.0,
        0.0,
        0.0,
        0.0
    ],
    "ManaUseModifier": 0.0,
    "AttackSpeed": 1.2,
    "Impact": 25.0,
    "BaseDamage": {
        "m_list": [
            {
                "Type": 0,
                "Damage": 36.0
            }
        ]
    },
    "hitEffects": [
        "Curse"
    ],
    "RecipeIngredientIDs": [
        2000150,
        4400070,
        6200010,
        6400070
    ]
}