{
    "New_ItemID": 1231231,
    "CloneTarget_ItemID": 3100060,
    "AssetBundle_Name": "armortest",
    "VisualPrefabName": "NewArmorTest_World",
	"ArmorVisualPrefabName": "NewArmorTest",
	"HelmetHideHair": false,
	"HelmetHideFace": false,
    "ItemIconName": "ArmorIcon",
    "Visual_PosOffset": {
        "x": 0.0,
        "y": 0.0,
        "z": 0.0
    },
    "Visual_RotOffset": {
        "x": -90.0,
        "y": 0.0,
        "z": 0.0
    },
    "Name": "ArmorTest",
    "Description": "Test.",
    "Durability": 1000,
    "BaseValue": 1000,
    "Weight": 3.0,
    "DamageBonuses": [
        0.0,
        0.0,
        0.0,
        10.0,
        0.0,
        0.0,
        0.0,
        0.0,
        0.0
    ],
    "DamageResistances": [
        0.0,
        0.0,
        0.0,
        0.0,
        0.0,
        0.0,
        0.0,
        0.0,
        0.0
    ],
    "PhysProtection": 0.0,
    "ImpactResistance": 0.0,
    "ManaUseModifier": 0.0,
    "StaminaUsePenalty": 0.0,
    "MovementPenalty": 0.0,
    "HealthBonus": 0.0,
    "PouchBonus": 0.0,
    "ColdProtection": 0.0,
    "HeatProtection": 0.0
}