{
    "New_ItemID": 6666666,
    "CloneTarget_ItemID": 2000151,
    "AssetBundle_Name": "blitz",
    "VisualPrefabName": "blight_visual",
    "ArmorVisualPrefabName": "",
    "Visual_PosOffset": {
        "x": -0.03,
        "y": 0.0,
        "z": 0.0
    },
    "Visual_RotOffset": {
        "x": 0.0,
        "y": -90.0,
        "z": 0.0
    },
    "HelmetHideFace": false,
    "HelmetHideHair": false,
    "ItemIconName": "BlightIcon",
    "Name": "Blight",
    "Description": "The Commander said to make this sword fit for the Scourge.\n\nInflicts Curse on enemies.",
    "Durability": 1000,
    "BaseValue": 1000,
    "Weight": 3,
    "DamageBonuses": [
        0.0,
        0.0,
        0.0,
        0.0,
        0.0,
        0.0,
        0.0,
        0.0,
        0.0
    ],
    "ManaUseModifier": 0.0,
    "AttackSpeed": 1.2,
    "Impact": 25.0,
    "BaseDamage": {
        "m_list": [
            {
                "Type": 0,
                "Damage": 36.0
            }
        ]
    },
    "hitEffects": [
        "Curse"
    ]
}