{
    "New_ItemID": 6666666,
    "CloneTarget_ItemID": 2000151,
    "AssetBundle_Name": "mybundle",
    "VisualPrefabName": "NewDarkBrand_visuals",
    "ArmorVisualPrefabName": "",
    "HelmetHideFace": false,
    "HelmetHideHair": false,
    "ItemIconName": "DarkBrandIcon",
    "Visual_PosOffset": {
        "x": 0.23000000417232514,
        "y": 0.0,
        "z": 0.0
    },
    "Visual_RotOffset": {
        "x": 0.0,
        "y": -90.0,
        "z": 0.0
    },
    "Name": "Blight",
    "Description": "The Commander said to make this sword fit for the Scourge.\n\nInflicts Curse on enemies.",
    "Durability": 1000,
    "BaseValue": 1000,
    "Weight": 3.0,
    "DamageBonuses": [
        0.0,
        0.0,
        0.0,
        0.0,
        0.0,
        0.0,
        0.0,
        0.0,
        0.0
    ],
    "DamageResistances": [
        0.0,
        0.0,
        0.0,
        0.0,
        0.0,
        0.0,
        0.0,
        0.0,
        0.0
    ],
    "PhysProtection": 0.0,
    "ImpactResistance": 0.0,
    "ManaUseModifier": 0.0,
    "StaminaUsePenalty": 0.0,
    "MovementPenalty": 0.0,
    "HealthBonus": 0.0,
    "PouchBonus": 0.0,
    "ColdProtection": 0.0,
    "HeatProtection": 0.0,
    "AttackSpeed": 1.2000000476837159,
    "Impact": 25.0,
    "BaseDamage": {
        "m_list": [
            {
                "Type": 0,
                "Damage": 36.0
            }
        ]
    },
    "hitEffects": [
        "Curse"
    ]
}