{
    "New_ItemID": 2501000,
    "CloneTarget_ItemID": 2010000,
    "AssetBundle_Name": "",
    "VisualPrefabName": "",
    "ArmorVisualPrefabName": "",
    "Visual_PosOffset": {
        "x": -0.03,
        "y": 0.0,
        "z": 0.0
    },
    "Visual_RotOffset": {
        "x": 0.0,
        "y": -90.0,
        "z": 0.0
    },
    "HelmetHideFace": false,
    "HelmetHideHair": false,
    "ItemIconName": "",
    "Name": "Steel Axe",
    "Description": "Inflicts Bleeding on enemies.",
    "Durability": 300,
    "BaseValue": 40,
    "Weight": 4,
    "DamageBonuses": [
        0.0, 
        0.0,
        0.0,
        0.0,
        0.0,
        0.0,
        0.0,
        0.0,
        0.0
    ],
    "ManaUseModifier": 0.0,
    "AttackSpeed": 1.1,
    "Impact": 18.0,
    "BaseDamage": {
        "m_list": [
            {
                "Type": 0,
                "Damage": 23.0
            }
        ]
    },
    "hitEffects": [
		"Bleeding"
    ]
}